"","Date","Town","Total Case Count","Case Count last 14 days","Total Tests last 14 days","Total positive tests last 14 days","Comments","Population","New Conf per day per 100k"
"1",2022-04-21,"Dover",749,21,413,25,NA,6300,28.3446712018141
"2",2022-04-21,"Framingham",18033,260,6178,307,NA,74000,29.6332046332046
"3",2022-04-21,"Natick",5735,130,2828,140,NA,36050,27.7392510402219
"4",2022-04-21,"Needham",4924,231,4157,240,NA,28100,61.0066090493137
"5",2022-04-21,"Sherborn",519,13,362,16,NA,4300,26.578073089701
"6",2022-04-21,"Wayland",2050,57,1329,62,NA,13900,31.8602261048304
"7",2022-04-21,"Wellesley",4362,245,3446,252,NA,29400,61.2244897959184
"8",2022-04-21,"Weston",1620,62,1099,69,NA,11300,43.6156763590392
"9",2022-04-14,"Dover",735,18,381,18,NA,6300,20.4081632653061
"10",2022-04-14,"Framingham",17873,188,5974,221,NA,74000,21.3320463320463
"11",2022-04-14,"Natick",5640,101,2669,110,NA,36050,21.7951258173172
"12",2022-04-14,"Needham",4800,175,3784,179,NA,28100,45.5007625826131
"13",2022-04-14,"Sherborn",507,8,343,10,NA,4300,16.6112956810631
"14",2022-04-14,"Wayland",2011,46,1171,50,NA,13900,25.693730729702
"15",2022-04-14,"Wellesley",4221,173,6395,178,NA,29400,43.245869776482
"16",2022-04-14,"Weston",1585,45,1017,52,NA,11300,32.8697850821745
"17",2022-04-07,"Dover",726,22,371,22,NA,6300,24.9433106575964
"18",2022-04-07,"Framingham",17742,144,6478,163,NA,74000,15.7335907335907
"19",2022-04-07,"Natick",5584,83,2669,92,NA,36050,18.2286506835744
"20",2022-04-07,"Needham",4695,139,3672,141,NA,28100,35.8413828164718
"21",2022-04-07,"Sherborn",505,16,345,17,NA,4300,28.2392026578073
"22",2022-04-07,"Wayland",1985,54,1109,57,NA,13900,29.2908530318602
"23",2022-04-07,"Wellesley",4116,142,8639,144,NA,29400,34.9854227405248
"24",2022-04-07,"Weston",1560,33,923,37,NA,11300,23.3881163084703
"25",2022-03-31,"Dover",715,15,304,15,NA,6300,17.0068027210884
"26",2022-03-31,"Framingham",17664,102,6000,119,NA,74000,11.4864864864865
"27",2022-03-31,"Natick",5532,67,2480,74,NA,36050,14.6621755498316
"28",2022-03-31,"Needham",4616,98,3033,98,NA,28100,24.9110320284698
"29",2022-03-31,"Sherborn",500,14,284,15,NA,4300,24.9169435215947
"30",2022-03-31,"Wayland",1959,47,1047,49,NA,13900,25.1798561151079
"31",2022-03-31,"Wellesley",4043,96,4910,96,NA,29400,23.3236151603499
"32",2022-03-31,"Weston",1537,26,852,28,NA,11300,17.6991150442478
"33",2022-03-24,"Dover",703,13,286,13,NA,6300,14.7392290249433
"34",2022-03-24,"Framingham",17598,70,5279,86,NA,74000,8.3011583011583
"35",2022-03-24,"Natick",5488,46,2298,50,NA,36050,9.90687537150783
"36",2022-03-24,"Needham",4549,54,2716,55,NA,28100,13.9806812404677
"37",2022-03-24,"Sherborn",488,8,250,8,NA,4300,13.2890365448505
"38",2022-03-24,"Wayland",1932,31,1022,34,NA,13900,17.4717368961973
"39",2022-03-24,"Wellesley",3970,62,3434,63,NA,29400,15.3061224489796
"40",2022-03-24,"Weston",1524,16,933,16,NA,11300,10.1137800252844
"41",2022-03-18,"Dover",700,14,304,14,NA,6300,15.8730158730159
"42",2022-03-18,"Framingham",17535,68,5975,83,NA,74000,8.01158301158301
"43",2022-03-18,"Natick",5448,26,2335,26,NA,36050,5.15157519318407
"44",2022-03-18,"Needham",4507,40,2868,46,NA,28100,11.6929334011185
"45",2022-03-18,"Sherborn",486,7,262,7,NA,4300,11.6279069767442
"46",2022-03-18,"Wayland",1910,27,1108,30,NA,13900,15.4162384378212
"47",2022-03-18,"Wellesley",3925,60,4459,64,NA,29400,15.5490767735666
"48",2022-03-18,"Weston",1513,12,943,14,NA,11300,8.84955752212389
"49",2022-03-10,"Dover",693,9,287,9,NA,6300,10.2040816326531
"50",2022-03-10,"Framingham",17505,79,6292,92,NA,74000,8.88030888030888
"51",2022-03-10,"Natick",5427,31,2441,36,NA,36050,7.13295026748563
"52",2022-03-10,"Needham",4487,46,2542,53,NA,28100,13.4722928317234
"53",2022-03-10,"Sherborn",482,NA,271,4,NA,4300,6.64451827242525
"54",2022-03-10,"Wayland",1899,35,1124,36,NA,13900,18.4994861253854
"55",2022-03-10,"Wellesley",3894,61,4080,68,NA,29400,16.5208940719145
"56",2022-03-10,"Weston",1506,16,983,20,NA,11300,12.6422250316056
"57",2022-03-03,"Dover",686,13,398,13,NA,6300,14.7392290249433
"58",2022-03-03,"Framingham",17453,103,6662,120,NA,74000,11.5830115830116
"59",2022-03-03,"Natick",5411,65,2957,74,NA,36050,14.6621755498316
"60",2022-03-03,"Needham",4465,77,3107,86,NA,28100,21.8607015760041
"61",2022-03-03,"Sherborn",479,5,357,5,NA,4300,8.30564784053156
"62",2022-03-03,"Wayland",1886,45,1295,48,NA,13900,24.6659815005139
"63",2022-03-03,"Wellesley",3867,106,4850,113,NA,29400,27.4538386783285
"64",2022-03-03,"Weston",1496,20,1668,24,NA,11300,15.1706700379267
"65",2022-02-24,"Dover",681,15,499,15,NA,6300,17.0068027210884
"66",2022-02-24,"Framingham",17410,197,8127,230,NA,74000,22.2007722007722
"67",2022-02-24,"Natick",5390,96,3482,108,NA,36050,21.3988508024569
"68",2022-02-24,"Needham",4434,111,3691,123,NA,28100,31.2658871377733
"69",2022-02-24,"Sherborn",476,8,399,9,NA,4300,14.9501661129568
"70",2022-02-24,"Wayland",1864,46,1537,53,NA,13900,27.2353545734841
"71",2022-02-24,"Wellesley",3830,170,5536,175,NA,29400,42.5170068027211
"72",2022-02-24,"Weston",1487,29,2195,32,NA,11300,20.2275600505689
"73",2022-02-17,"Dover",674,28,482,28,NA,6300,31.7460317460317
"74",2022-02-17,"Framingham",17341,343,9047,410,NA,74000,39.5752895752896
"75",2022-02-17,"Natick",5349,140,3600,166,NA,36050,32.890826233406
"76",2022-02-17,"Needham",4394,122,3707,138,NA,28100,35.0788002033554
"77",2022-02-17,"Sherborn",472,NA,359,6,NA,4300,9.96677740863787
"78",2022-02-17,"Wayland",1841,52,1652,62,NA,13900,31.8602261048304
"79",2022-02-17,"Wellesley",3772,165,5532,176,NA,29400,42.7599611273081
"80",2022-02-17,"Weston",1474,58,2222,60,NA,11300,37.9266750948167
"81",2022-02-10,"Dover",670,35,514,39,NA,6300,44.2176870748299
"82",2022-02-10,"Framingham",17225,693,10533,821,NA,74000,79.2471042471042
"83",2022-02-10,"Natick",5293,280,4433,314,NA,36050,62.2151773330691
"84",2022-02-10,"Needham",4334,204,4332,226,NA,28100,57.4478901881037
"85",2022-02-10,"Sherborn",469,6,397,10,NA,4300,16.6112956810631
"86",2022-02-10,"Wayland",1819,99,1879,112,NA,13900,57.5539568345324
"87",2022-02-10,"Wellesley",3684,218,9718,240,NA,29400,58.3090379008746
"88",2022-02-10,"Weston",1459,103,2371,106,NA,11300,67.0037926675095
"89",2022-02-03,"Dover",651,40,554,47,NA,6300,53.2879818594104
"90",2022-02-03,"Framingham",17031,1293,12859,1528,NA,74000,147.490347490347
"91",2022-02-03,"Natick",5224,433,5474,488,NA,36050,96.6911036259164
"92",2022-02-03,"Needham",4274,375,5243,409,NA,28100,103.965429588205
"93",2022-02-03,"Sherborn",467,32,462,41,NA,4300,68.1063122923588
"94",2022-02-03,"Wayland",1793,163,2076,175,NA,13900,89.9280575539568
"95",2022-02-03,"Wellesley",3604,404,12059,435,NA,29400,105.685131195335
"96",2022-02-03,"Weston",1428,143,2525,152,NA,11300,96.0809102402023
"97",2022-01-27,"Dover",634,81,736,92,NA,6300,104.308390022676
"98",2022-01-27,"Framingham",16562,2364,14976,2712,NA,74000,261.776061776062
"99",2022-01-27,"Natick",5031,665,6476,744,NA,36050,147.414305528036
"100",2022-01-27,"Needham",4154,651,5984,710,NA,28100,180.47788510422
"101",2022-01-27,"Sherborn",464,68,545,80,NA,4300,132.890365448505
"102",2022-01-27,"Wayland",1723,267,2508,301,NA,13900,154.676258992806
"103",2022-01-27,"Wellesley",3490,587,8599,626,NA,29400,152.089407191448
"104",2022-01-27,"Weston",1374,189,2508,208,NA,11300,131.479140328698
"105",2022-01-20,"Dover",608,140,932,149,NA,6300,168.934240362812
"106",2022-01-20,"Framingham",15760,3545,17354,3884,NA,74000,374.903474903475
"107",2022-01-20,"Natick",4759,1106,7488,1183,NA,36050,234.396671289875
"108",2022-01-20,"Needham",3914,918,6637,990,NA,28100,251.652262328419
"109",2022-01-20,"Sherborn",437,114,668,127,NA,4300,210.963455149502
"110",2022-01-20,"Wayland",1625,372,2834,414,NA,13900,212.744090441932
"111",2022-01-20,"Wellesley",3237,751,6646,804,NA,29400,195.33527696793
"112",2022-01-20,"Weston",1279,283,2660,308,NA,11300,194.690265486726
"113",2022-01-13,"Dover",564,135,803,142,NA,6300,160.997732426304
"114",2022-01-13,"Framingham",14267,3064,15695,3263,NA,74000,314.96138996139
"115",2022-01-13,"Natick",4333,1167,6838,1224,NA,36050,242.520309094512
"116",2022-01-13,"Needham",3523,837,6203,893,NA,28100,226.995424504321
"117",2022-01-13,"Sherborn",390,93,641,103,NA,4300,171.09634551495
"118",2022-01-13,"Wayland",1435,336,2489,350,NA,13900,179.856115107914
"119",2022-01-13,"Wellesley",2924,671,5267,724,NA,29400,175.898931000972
"120",2022-01-13,"Weston",1187,264,2452,289,NA,11300,182.6801517067
"121",2022-01-06,"Dover",469,83,786,90,NA,6300,102.040816326531
"122",2022-01-06,"Framingham",12320,1528,12114,1633,NA,74000,157.625482625483
"123",2022-01-06,"Natick",3688,628,5952,661,NA,36050,130.968892411333
"124",2022-01-06,"Needham",3030,501,5415,531,NA,28100,134.977122521607
"125",2022-01-06,"Sherborn",326,40,604,49,NA,4300,81.3953488372093
"126",2022-01-06,"Wayland",1260,223,2193,234,NA,13900,120.246659815005
"127",2022-01-06,"Wellesley",2480,395,4468,426,NA,29400,103.498542274052
"128",2022-01-06,"Weston",1020,171,2138,186,NA,11300,117.572692793932
"129",2021-12-30,"Dover",417,52,826,53,NA,6300,60.0907029478458
"130",2021-12-30,"Framingham",11033,804,11832,890,NA,74000,85.9073359073359
"131",2021-12-30,"Natick",3167,244,5785,270,NA,36050,53.4971270061423
"132",2021-12-30,"Needham",2650,272,5324,285,NA,28100,72.44534824606
"133",2021-12-30,"Sherborn",296,30,625,34,NA,4300,56.4784053156146
"134",2021-12-30,"Wayland",1097,109,2003,117,NA,13900,60.1233299075026
"135",2021-12-30,"Wellesley",2191,238,5769,255,NA,29400,61.9533527696793
"136",2021-12-30,"Weston",905,111,2140,115,NA,11300,72.692793931732
"137",2021-12-23,"Dover",378,28,668,28,NA,6300,31.7460317460317
"138",2021-12-23,"Framingham",10561,662,12265,737,NA,74000,71.1389961389961
"139",2021-12-23,"Natick",2965,178,5473,205,NA,36050,40.6181890231821
"140",2021-12-23,"Needham",2454,144,5023,150,NA,28100,38.129130655821
"141",2021-12-23,"Sherborn",278,27,551,27,NA,4300,44.8504983388704
"142",2021-12-23,"Wayland",1010,66,2148,72,NA,13900,36.9989722507708
"143",2021-12-23,"Wellesley",2025,157,6651,176,NA,29400,42.7599611273081
"144",2021-12-23,"Weston",827,48,2545,50,NA,11300,31.6055625790139
"145",2021-12-16,"Dover",355,20,692,22,NA,6300,24.9433106575964
"146",2021-12-16,"Framingham",10132,495,11627,545,NA,74000,52.6061776061776
"147",2021-12-16,"Natick",2853,163,5534,189,NA,36050,37.4479889042996
"148",2021-12-16,"Needham",2329,85,5563,96,NA,28100,24.4026436197255
"149",2021-12-16,"Sherborn",259,20,511,22,NA,4300,36.5448504983389
"150",2021-12-16,"Wayland",963,60,2304,65,NA,13900,33.4018499486125
"151",2021-12-16,"Wellesley",1908,128,8913,145,NA,29400,35.2283770651118
"152",2021-12-16,"Weston",777,43,3074,46,NA,11300,29.0771175726928
"153",2021-12-09,"Dover",346,25,751,28,NA,6300,31.7460317460317
"154",2021-12-09,"Framingham",9851,323,9307,355,NA,74000,34.2664092664093
"155",2021-12-09,"Natick",2770,125,4905,139,NA,36050,27.5411135327918
"156",2021-12-09,"Needham",2279,69,5166,79,NA,28100,20.0813421453991
"157",2021-12-09,"Sherborn",247,11,443,13,NA,4300,21.5946843853821
"158",2021-12-09,"Wayland",932,41,2014,46,NA,13900,23.6382322713258
"159",2021-12-09,"Wellesley",1848,84,7843,92,NA,29400,22.3517978620019
"160",2021-12-09,"Weston",761,48,2789,51,NA,11300,32.2376738305942
"161",2021-12-02,"Dover",336,15,687,19,NA,6300,21.5419501133787
"162",2021-12-02,"Framingham",9615,224,8338,264,NA,74000,25.4826254826255
"163",2021-12-02,"Natick",2687,87,4332,94,NA,36050,18.6249256984347
"164",2021-12-02,"Needham",2236,80,4290,87,NA,28100,22.1148957803762
"165",2021-12-02,"Sherborn",239,12,430,17,NA,4300,28.2392026578073
"166",2021-12-02,"Wayland",899,50,1906,57,NA,13900,29.2908530318602
"167",2021-12-02,"Wellesley",1785,49,5781,53,NA,29400,12.8765792031098
"168",2021-12-02,"Weston",738,22,2511,26,NA,11300,16.4348925410872
"169",2021-11-25,"Dover",322,13,620,15,NA,6300,17.0068027210884
"170",2021-11-25,"Framingham",9495,208,8844,243,NA,74000,23.4555984555985
"171",2021-11-25,"Natick",2632,66,4338,73,NA,36050,14.4640380424014
"172",2021-11-25,"Needham",2208,72,4941,77,NA,28100,19.5729537366548
"173",2021-11-25,"Sherborn",236,11,476,15,NA,4300,24.9169435215947
"174",2021-11-25,"Wayland",883,56,1939,59,NA,13900,30.3186022610483
"175",2021-11-25,"Wellesley",1753,53,6936,58,NA,29400,14.0913508260447
"176",2021-11-25,"Weston",718,14,2554,17,NA,11300,10.7458912768647
"177",2021-11-18,"Dover",317,10,564,11,NA,6300,12.4716553287982
"178",2021-11-18,"Framingham",9378,140,8190,158,NA,74000,15.2509652509653
"179",2021-11-18,"Natick",2593,51,4029,57,NA,36050,11.2938379235189
"180",2021-11-18,"Needham",2159,57,4534,62,NA,28100,15.7600406710727
"181",2021-11-18,"Sherborn",229,5,465,5,NA,4300,8.30564784053156
"182",2021-11-18,"Wayland",850,42,1785,45,NA,13900,23.1243576567318
"183",2021-11-18,"Wellesley",1727,43,6777,48,NA,29400,11.6618075801749
"184",2021-11-18,"Weston",708,15,2408,15,NA,11300,9.48166877370417
"185",2021-11-11,"Dover",307,NA,513,3,NA,6300,3.40136054421769
"186",2021-11-11,"Framingham",9279,157,8222,175,NA,74000,16.8918918918919
"187",2021-11-11,"Natick",2559,50,4108,57,NA,36050,11.2938379235189
"188",2021-11-11,"Needham",2127,56,4239,61,NA,28100,15.5058464667006
"189",2021-11-11,"Sherborn",227,NA,437,3,NA,4300,4.98338870431894
"190",2021-11-11,"Wayland",828,23,1662,27,NA,13900,13.8746145940391
"191",2021-11-11,"Wellesley",1700,33,6705,38,NA,29400,9.23226433430515
"192",2021-11-11,"Weston",700,10,2399,11,NA,11300,6.95322376738306
"193",2021-11-04,"Dover",306,NA,512,5,NA,6300,5.66893424036281
"194",2021-11-04,"Framingham",9215,160,8401,174,NA,74000,16.7953667953668
"195",2021-11-04,"Natick",2537,41,4327,46,NA,36050,9.1143253417872
"196",2021-11-04,"Needham",2100,53,4556,58,NA,28100,14.7432638535841
"197",2021-11-04,"Sherborn",222,0,441,0,NA,4300,0
"198",2021-11-04,"Wayland",804,19,1637,24,NA,13900,12.3329907502569
"199",2021-11-04,"Wellesley",1681,32,6745,35,NA,29400,8.50340136054422
"200",2021-11-04,"Weston",692,9,2497,12,NA,11300,7.58533501896334
"201",2021-10-28,"Dover",307,9,539,12,NA,6300,13.6054421768707
"202",2021-10-28,"Framingham",9126,121,8499,134,NA,74000,12.9343629343629
"203",2021-10-28,"Natick",2515,41,4094,47,NA,36050,9.31246284921736
"204",2021-10-28,"Needham",2069,54,4626,61,NA,28100,15.5058464667006
"205",2021-10-28,"Sherborn",221,NA,486,4,NA,4300,6.64451827242525
"206",2021-10-28,"Wayland",799,25,1754,30,NA,13900,15.4162384378212
"207",2021-10-28,"Wellesley",1664,40,6930,46,NA,29400,11.175898931001
"208",2021-10-28,"Weston",687,12,2575,14,NA,11300,8.84955752212389
"209",2021-10-21,"Dover",305,10,537,12,NA,6300,13.6054421768707
"210",2021-10-21,"Framingham",9060,105,8721,120,NA,74000,11.5830115830116
"211",2021-10-21,"Natick",2492,45,4181,50,NA,36050,9.90687537150783
"212",2021-10-21,"Needham",2046,37,4518,40,NA,28100,10.1677681748856
"213",2021-10-21,"Sherborn",221,7,471,7,NA,4300,11.6279069767442
"214",2021-10-21,"Wayland",787,18,1749,20,NA,13900,10.2774922918808
"215",2021-10-21,"Wellesley",1646,43,7248,49,NA,29400,11.9047619047619
"216",2021-10-21,"Weston",684,22,2637,22,NA,11300,13.9064475347661
"217",2021-10-13,"Dover",298,NA,541,3,NA,6300,3.40136054421769
"218",2021-10-13,"Framingham",8989,80,8820,92,NA,74000,8.88030888030888
"219",2021-10-13,"Natick",2473,42,4395,44,NA,36050,8.71805032692689
"220",2021-10-13,"Needham",2015,30,4600,32,NA,28100,8.13421453990849
"221",2021-10-13,"Sherborn",217,10,488,10,NA,4300,16.6112956810631
"222",2021-10-13,"Wayland",775,22,1739,23,NA,13900,11.8191161356629
"223",2021-10-13,"Wellesley",1626,43,7316,46,NA,29400,11.175898931001
"224",2021-10-13,"Weston",676,18,3100,19,NA,11300,12.0101137800253
"225",2021-10-06,"Dover",294,6,610,6,NA,6300,6.80272108843537
"226",2021-10-06,"Framingham",8945,73,8967,85,NA,74000,8.2046332046332
"227",2021-10-06,"Natick",2450,45,4423,51,NA,36050,10.105012878938
"228",2021-10-06,"Needham",2006,44,4650,50,NA,28100,12.709710218607
"229",2021-10-06,"Sherborn",213,13,500,14,NA,4300,23.2558139534884
"230",2021-10-06,"Wayland",767,24,1701,26,NA,13900,13.360739979445
"231",2021-10-06,"Wellesley",1603,55,7206,58,NA,29400,14.0913508260447
"232",2021-10-06,"Weston",665,12,3460,14,NA,11300,8.84955752212389
"233",2021-09-30,"Dover",295,8,655,8,NA,6300,9.0702947845805
"234",2021-09-30,"Framingham",8915,87,9003,98,NA,74000,9.45945945945946
"235",2021-09-30,"Natick",2431,58,4452,66,NA,36050,13.0770754903903
"236",2021-09-30,"Needham",1987,47,4621,53,NA,28100,13.4722928317234
"237",2021-09-30,"Sherborn",208,12,467,13,NA,4300,21.5946843853821
"238",2021-09-30,"Wayland",753,19,1634,22,NA,13900,11.3052415210689
"239",2021-09-30,"Wellesley",1583,49,7394,52,NA,29400,12.6336248785228
"240",2021-09-30,"Weston",656,17,3027,18,NA,11300,11.378002528445
"241",2021-09-23,"Dover",291,6,661,6,NA,6300,6.80272108843537
"242",2021-09-23,"Framingham",8877,108,8308,118,NA,74000,11.3899613899614
"243",2021-09-23,"Natick",2400,65,4550,74,NA,36050,14.6621755498316
"244",2021-09-23,"Needham",1962,46,4410,50,NA,28100,12.709710218607
"245",2021-09-23,"Sherborn",203,10,457,10,NA,4300,16.6112956810631
"246",2021-09-23,"Wayland",743,18,1514,19,NA,13900,9.76361767728674
"247",2021-09-23,"Wellesley",1557,59,7296,63,NA,29400,15.3061224489796
"248",2021-09-23,"Weston",649,25,2661,27,NA,11300,17.0670037926675
"249",2021-09-16,"Dover",287,16,665,16,NA,6300,18.140589569161
"250",2021-09-16,"Framingham",8828,121,7864,138,NA,74000,13.3204633204633
"251",2021-09-16,"Natick",2376,60,4334,68,NA,36050,13.4733505052506
"252",2021-09-16,"Needham",1938,56,4527,63,NA,28100,16.0142348754448
"253",2021-09-16,"Sherborn",194,6,449,6,NA,4300,9.96677740863787
"254",2021-09-16,"Wayland",736,16,1477,19,NA,13900,9.76361767728674
"255",2021-09-16,"Wellesley",1532,69,7437,73,NA,29400,17.7356656948494
"256",2021-09-16,"Weston",639,23,2520,27,NA,11300,17.0670037926675
"257",2021-09-09,"Dover",287,22,626,22,NA,6300,24.9433106575964
"258",2021-09-09,"Framingham",8760,109,7218,129,NA,74000,12.4517374517375
"259",2021-09-09,"Natick",2343,63,3928,69,NA,36050,13.6714880126808
"260",2021-09-09,"Needham",1917,50,4411,63,NA,28100,16.0142348754448
"261",2021-09-09,"Sherborn",191,9,429,11,NA,4300,18.2724252491694
"262",2021-09-09,"Wayland",724,14,1376,18,NA,13900,9.2497430626927
"263",2021-09-09,"Wellesley",1493,39,6922,42,NA,29400,10.2040816326531
"264",2021-09-09,"Weston",624,24,2079,30,NA,11300,18.9633375474083
"265",2021-09-02,"Dover",273,13,580,13,NA,6300,14.7392290249433
"266",2021-09-02,"Framingham",8709,108,6959,129,NA,74000,12.4517374517375
"267",2021-09-02,"Natick",2312,60,3916,64,NA,36050,12.68080047553
"268",2021-09-02,"Needham",1884,39,3888,49,NA,28100,12.4555160142349
"269",2021-09-02,"Sherborn",190,12,399,14,NA,4300,23.2558139534884
"270",2021-09-02,"Wayland",717,23,1421,27,NA,13900,13.8746145940391
"271",2021-09-02,"Wellesley",1466,27,4684,33,NA,29400,8.01749271137026
"272",2021-09-02,"Weston",616,23,1602,28,NA,11300,17.6991150442478
"273",2021-08-26,"Dover",264,9,562,9,NA,6300,10.2040816326531
"274",2021-08-26,"Framingham",8646,126,7042,144,NA,74000,13.8996138996139
"275",2021-08-26,"Natick",2280,53,3923,58,NA,36050,11.4919754309491
"276",2021-08-26,"Needham",1863,46,3647,52,NA,28100,13.2180986273513
"277",2021-08-26,"Sherborn",183,14,386,15,NA,4300,24.9169435215947
"278",2021-08-26,"Wayland",710,30,1643,36,NA,13900,18.4994861253854
"279",2021-08-26,"Wellesley",1444,25,2957,27,NA,29400,6.5597667638484
"280",2021-08-26,"Weston",603,26,1431,29,NA,11300,18.3312262958281
"281",2021-08-19,"Dover",260,10,525,10,NA,6300,11.3378684807256
"282",2021-08-19,"Framingham",8597,128,5941,141,NA,74000,13.6100386100386
"283",2021-08-19,"Natick",2252,48,3430,55,NA,36050,10.8975629086586
"284",2021-08-19,"Needham",1845,48,3478,58,NA,28100,14.7432638535841
"285",2021-08-19,"Sherborn",174,9,388,11,NA,4300,18.2724252491694
"286",2021-08-19,"Wayland",694,35,1756,39,NA,13900,20.0411099691675
"287",2021-08-19,"Wellesley",1431,31,2567,33,NA,29400,8.01749271137026
"288",2021-08-19,"Weston",592,27,1216,27,NA,11300,17.0670037926675
"289",2021-08-12,"Dover",253,NA,417,2,NA,6300,2.26757369614512
"290",2021-08-12,"Framingham",8524,98,4588,112,NA,74000,10.8108108108108
"291",2021-08-12,"Natick",2225,44,2729,51,NA,36050,10.105012878938
"292",2021-08-12,"Needham",1817,39,3006,47,NA,28100,11.9471276054906
"293",2021-08-12,"Sherborn",168,5,331,6,NA,4300,9.96677740863787
"294",2021-08-12,"Wayland",680,30,1528,34,NA,13900,17.4717368961973
"295",2021-08-12,"Wellesley",1419,30,2553,32,NA,29400,7.77453838678329
"296",2021-08-12,"Weston",578,15,994,17,NA,11300,10.7458912768647
"297",2021-08-05,"Dover",249,NA,354,1,NA,6300,1.13378684807256
"298",2021-08-05,"Framingham",8454,76,4027,86,NA,74000,8.3011583011583
"299",2021-08-05,"Natick",2203,30,2451,36,NA,36050,7.13295026748563
"300",2021-08-05,"Needham",1793,26,2648,29,NA,28100,7.37163192679207
"301",2021-08-05,"Sherborn",165,6,256,7,NA,4300,11.6279069767442
"302",2021-08-05,"Wayland",662,16,1099,19,NA,13900,9.76361767728674
"303",2021-08-05,"Wellesley",1400,21,2404,21,NA,29400,5.10204081632653
"304",2021-08-05,"Weston",567,15,945,19,NA,11300,12.0101137800253
"305",2021-07-29,"Dover",249,NA,279,3,NA,6300,3.40136054421769
"306",2021-07-29,"Framingham",8414,44,3617,47,NA,74000,4.53667953667954
"307",2021-07-29,"Natick",2176,22,2169,27,NA,36050,5.34971270061423
"308",2021-07-29,"Needham",1776,12,2333,13,NA,28100,3.30452465683782
"309",2021-07-29,"Sherborn",162,NA,222,5,NA,4300,8.30564784053156
"310",2021-07-29,"Wayland",650,9,879,9,NA,13900,4.62487153134635
"311",2021-07-29,"Wellesley",1390,17,2172,18,NA,29400,4.3731778425656
"312",2021-07-29,"Weston",560,12,822,13,NA,11300,8.21744627054361
"313",2021-07-22,"Dover",248,NA,236,3,NA,6300,3.40136054421769
"314",2021-07-22,"Framingham",8377,16,3143,17,NA,74000,1.64092664092664
"315",2021-07-22,"Natick",2167,16,1723,19,NA,36050,3.76461264117297
"316",2021-07-22,"Needham",1764,9,1793,9,NA,28100,2.28774783934926
"317",2021-07-22,"Sherborn",159,NA,186,1,NA,4300,1.66112956810631
"318",2021-07-22,"Wayland",639,NA,767,1,NA,13900,0.513874614594039
"319",2021-07-22,"Wellesley",1379,14,1957,15,NA,29400,3.64431486880466
"320",2021-07-22,"Weston",553,NA,614,3,NA,11300,1.89633375474083
"321",2021-07-15,"Dover",246,NA,238,1,NA,6300,1.13378684807256
"322",2021-07-15,"Framingham",8362,9,3050,11,NA,74000,1.06177606177606
"323",2021-07-15,"Natick",2155,8,1644,10,NA,36050,1.98137507430157
"324",2021-07-15,"Needham",1762,7,1699,7,NA,28100,1.77935943060498
"325",2021-07-15,"Sherborn",159,0,191,0,NA,4300,0
"326",2021-07-15,"Wayland",639,NA,790,4,NA,13900,2.05549845837616
"327",2021-07-15,"Wellesley",1372,11,1826,12,NA,29400,2.91545189504373
"328",2021-07-15,"Weston",547,0,683,0,NA,11300,0
"329",2021-07-08,"Dover",245,0,259,0,NA,6300,0
"330",2021-07-08,"Framingham",8359,10,3402,11,NA,74000,1.06177606177606
"331",2021-07-08,"Natick",2150,6,1839,7,NA,36050,1.3869625520111
"332",2021-07-08,"Needham",1756,NA,2192,2,NA,28100,0.508388408744281
"333",2021-07-08,"Sherborn",158,0,226,0,NA,4300,0
"334",2021-07-08,"Wayland",638,NA,847,5,NA,13900,2.5693730729702
"335",2021-07-08,"Wellesley",1364,7,2042,9,NA,29400,2.1865889212828
"336",2021-07-08,"Weston",547,0,855,0,NA,11300,0
"337",2021-07-01,"Dover",245,0,299,0,NA,6300,0
"338",2021-07-01,"Framingham",8354,8,3927,9,NA,74000,0.868725868725869
"339",2021-07-01,"Natick",2148,NA,2027,4,NA,36050,0.792550029720626
"340",2021-07-01,"Needham",1753,0,2533,1,NA,28100,0.25419420437214
"341",2021-07-01,"Sherborn",158,0,237,0,NA,4300,0
"342",2021-07-01,"Wayland",635,NA,881,3,NA,13900,1.54162384378212
"343",2021-07-01,"Wellesley",1360,NA,2094,5,NA,29400,1.21477162293489
"344",2021-07-01,"Weston",547,0,838,0,NA,11300,0
"345",2021-06-24,"Dover",245,0,318,0,NA,6300,0
"346",2021-06-24,"Framingham",8351,11,4340,15,NA,74000,1.44787644787645
"347",2021-06-24,"Natick",2144,NA,2175,4,NA,36050,0.792550029720626
"348",2021-06-24,"Needham",1753,0,2421,0,NA,28100,0
"349",2021-06-24,"Sherborn",157,0,206,0,NA,4300,0
"350",2021-06-24,"Wayland",634,NA,877,3,NA,13900,1.54162384378212
"351",2021-06-24,"Wellesley",1356,0,2032,2,NA,29400,0.485908649173955
"352",2021-06-24,"Weston",547,NA,736,1,NA,11300,0.632111251580278
"353",2021-06-17,"Dover",244,0,356,0,NA,6300,0
"354",2021-06-17,"Framingham",8348,32,4491,42,NA,74000,4.05405405405405
"355",2021-06-17,"Natick",2144,NA,2262,1,NA,36050,0.198137507430157
"356",2021-06-17,"Needham",1754,NA,2588,2,NA,28100,0.508388408744281
"357",2021-06-17,"Sherborn",157,0,227,0,NA,4300,0
"358",2021-06-17,"Wayland",634,NA,930,3,NA,13900,1.54162384378212
"359",2021-06-17,"Wellesley",1356,NA,3156,3,NA,29400,0.728862973760933
"360",2021-06-17,"Weston",546,NA,728,2,NA,11300,1.26422250316056
"361",2021-06-10,"Dover",244,0,375,0,NA,6300,0
"362",2021-06-10,"Framingham",8341,57,4857,77,NA,74000,7.43243243243243
"363",2021-06-10,"Natick",2142,5,2572,6,NA,36050,1.18882504458094
"364",2021-06-10,"Needham",1756,NA,2666,3,NA,28100,0.762582613116421
"365",2021-06-10,"Sherborn",157,0,252,0,NA,4300,0
"366",2021-06-10,"Wayland",633,NA,1092,3,NA,13900,1.54162384378212
"367",2021-06-10,"Wellesley",1356,NA,5039,6,NA,29400,1.45772594752187
"368",2021-06-10,"Weston",546,NA,798,1,NA,11300,0.632111251580278
"369",2021-06-03,"Dover",244,0,382,0,NA,6300,0
"370",2021-06-03,"Framingham",8324,74,5354,93,NA,74000,8.97683397683398
"371",2021-06-03,"Natick",2142,18,3117,22,NA,36050,4.35902516346344
"372",2021-06-03,"Needham",1754,NA,2698,4,NA,28100,1.01677681748856
"373",2021-06-03,"Sherborn",157,NA,239,1,NA,4300,1.66112956810631
"374",2021-06-03,"Wayland",633,NA,1226,4,NA,13900,2.05549845837616
"375",2021-06-03,"Wellesley",1356,NA,6144,4,NA,29400,0.971817298347911
"376",2021-06-03,"Weston",542,NA,1087,2,NA,11300,1.26422250316056
"377",2021-05-27,"Dover",244,NA,456,3,NA,6300,3.40136054421769
"378",2021-05-27,"Framingham",8298,79,6357,93,NA,74000,8.97683397683398
"379",2021-05-27,"Natick",2140,29,3182,35,NA,36050,6.93481276005548
"380",2021-05-27,"Needham",1755,13,3497,17,NA,28100,4.32130147432638
"381",2021-05-27,"Sherborn",157,NA,287,2,NA,4300,3.32225913621262
"382",2021-05-27,"Wayland",632,5,1324,6,NA,13900,3.08324768756423
"383",2021-05-27,"Wellesley",1353,0,6831,2,NA,29400,0.485908649173955
"384",2021-05-27,"Weston",542,NA,1420,2,NA,11300,1.26422250316056
"385",2021-05-20,"Dover",244,NA,527,5,NA,6300,5.66893424036281
"386",2021-05-20,"Framingham",8250,81,7377,95,NA,74000,9.16988416988417
"387",2021-05-20,"Natick",2127,31,3453,36,NA,36050,7.13295026748563
"388",2021-05-20,"Needham",1752,17,3962,19,NA,28100,4.82968988307067
"389",2021-05-20,"Sherborn",156,NA,354,1,NA,4300,1.66112956810631
"390",2021-05-20,"Wayland",632,6,1452,7,NA,13900,3.59712230215827
"391",2021-05-20,"Wellesley",1352,9,7427,12,NA,29400,2.91545189504373
"392",2021-05-20,"Weston",541,NA,1511,4,NA,11300,2.52844500632111
"393",2021-05-13,"Dover",242,NA,576,3,NA,6300,3.40136054421769
"394",2021-05-13,"Framingham",8212,114,8667,136,NA,74000,13.1274131274131
"395",2021-05-13,"Natick",2113,39,4015,43,NA,36050,8.51991281949673
"396",2021-05-13,"Needham",1746,13,4451,15,NA,28100,3.81291306558211
"397",2021-05-13,"Sherborn",155,NA,468,1,NA,4300,1.66112956810631
"398",2021-05-13,"Wayland",628,12,1748,13,NA,13900,6.68036998972251
"399",2021-05-13,"Wellesley",1352,17,9327,19,NA,29400,4.61613216715258
"400",2021-05-13,"Weston",541,6,1838,8,NA,11300,5.05689001264222
"401",2021-05-06,"Dover",241,NA,739,4,NA,6300,4.53514739229025
"402",2021-05-06,"Framingham",8171,157,9268,194,NA,74000,18.7258687258687
"403",2021-05-06,"Natick",2093,44,5035,54,NA,36050,10.6994254012285
"404",2021-05-06,"Needham",1738,25,5845,30,NA,28100,7.62582613116421
"405",2021-05-06,"Sherborn",156,NA,574,3,NA,4300,4.98338870431894
"406",2021-05-06,"Wayland",626,16,2265,16,NA,13900,8.22199383350462
"407",2021-05-06,"Wellesley",1345,28,11509,32,NA,29400,7.77453838678329
"408",2021-05-06,"Weston",539,9,2638,11,NA,11300,6.95322376738306
"409",2021-04-29,"Dover",240,5,866,6,NA,6300,6.80272108843537
"410",2021-04-29,"Framingham",8114,216,10247,267,NA,74000,25.7722007722008
"411",2021-04-29,"Natick",2074,64,5347,78,NA,36050,15.4547255795522
"412",2021-04-29,"Needham",1730,48,6170,54,NA,28100,13.7264870360956
"413",2021-04-29,"Sherborn",155,NA,589,5,NA,4300,8.30564784053156
"414",2021-04-29,"Wayland",617,21,2452,24,NA,13900,12.3329907502569
"415",2021-04-29,"Wellesley",1339,42,12661,47,NA,29400,11.4188532555879
"416",2021-04-29,"Weston",537,12,3164,15,NA,11300,9.48166877370417
"417",2021-04-22,"Dover",242,NA,827,4,NA,6300,4.53514739229025
"418",2021-04-22,"Framingham",8030,292,11360,351,NA,74000,33.8803088803089
"419",2021-04-22,"Natick",2053,106,5313,115,NA,36050,22.785813354468
"420",2021-04-22,"Needham",1716,64,5788,68,NA,28100,17.2852058973055
"421",2021-04-22,"Sherborn",153,NA,559,4,NA,4300,6.64451827242525
"422",2021-04-22,"Wayland",614,31,2193,34,NA,13900,17.4717368961973
"423",2021-04-22,"Wellesley",1320,71,13240,79,NA,29400,19.1933916423712
"424",2021-04-22,"Weston",531,14,3079,16,NA,11300,10.1137800252844
"425",2021-04-15,"Dover",236,7,865,7,NA,6300,7.93650793650794
"426",2021-04-15,"Framingham",7909,320,11059,386,NA,74000,37.2586872586873
"427",2021-04-15,"Natick",2014,111,5441,123,NA,36050,24.3709134139093
"428",2021-04-15,"Needham",1688,75,5997,79,NA,28100,20.0813421453991
"429",2021-04-15,"Sherborn",151,NA,529,4,NA,4300,6.64451827242525
"430",2021-04-15,"Wayland",600,25,2053,26,NA,13900,13.360739979445
"431",2021-04-15,"Wellesley",1300,99,13311,110,NA,29400,26.7249757045675
"432",2021-04-15,"Weston",526,NA,3175,18,NA,11300,11.378002528445
"433",2021-04-08,"Dover",236,14,879,15,NA,6300,17.0068027210884
"434",2021-04-08,"Framingham",7745,394,11553,464,NA,74000,44.7876447876448
"435",2021-04-08,"Natick",1952,94,5158,105,NA,36050,20.8044382801664
"436",2021-04-08,"Needham",1647,75,6070,85,NA,28100,21.6065073716319
"437",2021-04-08,"Sherborn",149,NA,525,3,NA,4300,4.98338870431894
"438",2021-04-08,"Wayland",583,27,2084,29,NA,13900,14.9023638232271
"439",2021-04-08,"Wellesley",1274,86,13243,93,NA,29400,22.59475
"440",2021-04-08,"Weston",517,30,3391,35,NA,11300,22.1238938053097
"441",2021-04-01,"Dover",230,11,762,12,NA,6300,13.6054421768707
"442",2021-04-01,"Framingham",7600,416,11728,473,NA,74000,45.6563706563707
"443",2021-04-01,"Natick",1901,104,5318,109,NA,36050,21.5969883098871
"444",2021-04-01,"Needham",1615,76,5889,88,NA,28100,22.3690899847483
"445",2021-04-01,"Sherborn",148,NA,554,4,NA,4300,6.64451827242525
"446",2021-04-01,"Wayland",574,33,2046,35,NA,13900,17.9856115107914
"447",2021-04-01,"Wellesley",1210,56,12727,58,NA,29400,14.0913508260447
"448",2021-04-01,"Weston",511,38,3458,45,NA,11300,28.4450063211125
"449",2021-03-25,"Dover",223,14,813,15,NA,6300,17.0068027210884
"450",2021-03-25,"Framingham",7376,330,11109,366,NA,74000,35.3281853281853
"451",2021-03-25,"Natick",1857,114,5445,120,NA,36050,23.7765008916188
"452",2021-03-25,"Needham",1577,85,5912,93,NA,28100,23.640061006609
"453",2021-03-25,"Sherborn",148,NA,600,4,NA,4300,6.64451827242525
"454",2021-03-25,"Wayland",557,28,2082,29,NA,13900,14.9023638232271
"455",2021-03-25,"Wellesley",1167,45,12761,45,NA,29400,10.932944606414
"456",2021-03-25,"Weston",491,27,3733,33,NA,11300,20.8596713021492
"457",2021-03-18,"Dover",216,10,900,11,NA,6300,12.4716553287982
"458",2021-03-18,"Framingham",7171,281,10789,315,NA,74000,30.4054054054054
"459",2021-03-18,"Natick",1802,99,5704,108,NA,36050,21.3988508024569
"460",2021-03-18,"Needham",1536,86,6317,96,NA,28100,24.4026436197255
"461",2021-03-18,"Sherborn",146,NA,562,2,NA,4300,3.32225913621262
"462",2021-03-18,"Wayland",541,21,2240,23,NA,13900,11.8191161356629
"463",2021-03-18,"Wellesley",1142,61,13573,64,NA,29400,15.5490767735666
"464",2021-03-18,"Weston",476,21,3786,25,NA,11300,15.802781289507
"465",2021-03-11,"Dover",206,9,1076,9,NA,6300,10.2040816326531
"466",2021-03-11,"Framingham",7012,282,11752,334,NA,74000,32.2393822393822
"467",2021-03-11,"Natick",1741,80,5732,90,NA,36050,17.8323756687141
"468",2021-03-11,"Needham",1500,79,7007,89,NA,28100,22.6232841891205
"469",2021-03-11,"Sherborn",144,NA,639,3,NA,4300,4.98338870431894
"470",2021-03-11,"Wayland",528,22,2554,24,NA,13900,12.3329907502569
"471",2021-03-11,"Wellesley",1123,91,14243,99,NA,29400,24.0524781341108
"472",2021-03-11,"Weston",459,21,3912,27,NA,11300,17.0670037926675
"473",2021-03-04,"Dover",204,14,1196,15,NA,6300,17.0068027210884
"474",2021-03-04,"Framingham",6886,287,11350,344,NA,74000,33.2046332046332
"475",2021-03-04,"Natick",1700,76,5975,86,NA,36050,17.0398256389935
"476",2021-03-04,"Needham",1446,99,7596,103,NA,28100,26.1820030503305
"477",2021-03-04,"Sherborn",143,NA,719,3,NA,4300,4.98338870431894
"478",2021-03-04,"Wayland",518,25,2744,26,NA,13900,13.360739979445
"479",2021-03-04,"Wellesley",1089,109,14858,121,NA,29400,29.3974732750243
"480",2021-03-04,"Weston",452,22,3670,28,NA,11300,17.6991150442478
"481",2021-02-25,"Dover",198,9,1136,9,NA,6300,10.2040816326531
"482",2021-02-25,"Framingham",6725,282,10228,317,NA,74000,30.5984555984556
"483",2021-02-25,"Natick",1661,76,5717,87,NA,36050,17.2379631464236
"484",2021-02-25,"Needham",1419,97,7214,102,NA,28100,25.9278088459583
"485",2021-02-25,"Sherborn",144,NA,661,2,NA,4300,3.32225913621262
"486",2021-02-25,"Wayland",505,19,2591,21,NA,13900,10.7913669064748
"487",2021-02-25,"Wellesley",1043,70,14646,78,NA,29400,18.9504373177843
"488",2021-02-25,"Weston",445,17,3537,21,NA,11300,13.2743362831858
"489",2021-02-18,"Dover",190,7,1019,8,NA,6300,9.0702947845805
"490",2021-02-18,"Framingham",6600,298,10636,336,NA,74000,32.4324324324324
"491",2021-02-18,"Natick",1624,101,5518,118,NA,36050,23.3802258767585
"492",2021-02-18,"Needham",1364,93,6846,107,NA,28100,27.198779867819
"493",2021-02-18,"Sherborn",141,8,580,8,NA,4300,13.2890365448505
"494",2021-02-18,"Wayland",496,16,2329,21,NA,13900,10.7913669064748
"495",2021-02-18,"Wellesley",992,50,12573,53,NA,29400,12.8765792031098
"496",2021-02-18,"Weston",431,20,3740,23,NA,11300,14.5385587863464
"497",2021-02-11,"Dover",188,6,929,7,NA,6300,7.93650793650794
"498",2021-02-11,"Framingham",6459,335,10512,398,NA,74000,38.4169884169884
"499",2021-02-11,"Natick",1583,125,5552,146,NA,36050,28.9280760848029
"500",2021-02-11,"Needham",1320,115,6772,135,NA,28100,34.3162175902389
"501",2021-02-11,"Sherborn",140,11,517,11,NA,4300,18.2724252491694
"502",2021-02-11,"Wayland",488,24,2361,28,NA,13900,14.3884892086331
"503",2021-02-11,"Wellesley",961,84,10675,88,NA,29400,21.379980563654
"504",2021-02-11,"Weston",425,35,3788,40,NA,11300,25.2844500632111
"505",2021-02-04,"Dover",182,15,1056,16,NA,6300,18.140589569161
"506",2021-02-04,"Framingham",6300,427,11166,511,NA,74000,49.3243243243243
"507",2021-02-04,"Natick",1524,178,6088,205,NA,36050,40.6181890231821
"508",2021-02-04,"Needham",1266,153,6994,180,NA,28100,45.7549567869853
"509",2021-02-04,"Sherborn",133,13,574,14,NA,4300,23.2558139534884
"510",2021-02-04,"Wayland",478,51,2667,54,NA,13900,27.7492291880781
"511",2021-02-04,"Wellesley",932,139,10542,150,NA,29400,36.4431486880466
"512",2021-02-04,"Weston",410,53,4088,57,NA,11300,36.0303413400759
"513",2021-01-28,"Dover",178,34,1064,38,NA,6300,43.0839002267574
"514",2021-01-28,"Framingham",6134,508,11324,595,NA,74000,57.4324324324324
"515",2021-01-28,"Natick",1477,221,6050,246,NA,36050,48.7418268278185
"516",2021-01-28,"Needham",1209,178,6571,201,NA,28100,51.0930350788002
"517",2021-01-28,"Sherborn",130,18,577,20,NA,4300,33.2225913621262
"518",2021-01-28,"Wayland",465,62,2729,67,NA,13900,34.4295991778006
"519",2021-01-28,"Wellesley",887,131,9262,147,NA,29400,35.7142857142857
"520",2021-01-28,"Weston",390,49,3956,55,NA,11300,34.7661188369153
"521",2021-01-21,"Dover",167,42,1117,45,NA,6300,51.0204081632653
"522",2021-01-21,"Framingham",5910,632,11486,727,NA,74000,70.1737451737452
"523",2021-01-21,"Natick",1356,240,6339,257,NA,36050,50.9213394095502
"524",2021-01-21,"Needham",1122,192,6237,210,NA,28100,53.3807829181495
"525",2021-01-21,"Sherborn",121,24,624,27,NA,4300,44.8504983388704
"526",2021-01-21,"Wayland",431,64,2924,71,NA,13900,36.4850976361768
"527",2021-01-21,"Wellesley",809,104,7406,119,NA,29400,28.9115646258503
"528",2021-01-21,"Weston",365,58,3605,62,NA,11300,39.1908975979772
"529",2021-01-14,"Dover",149,32,971,33,NA,6300,37.4149659863946
"530",2021-01-14,"Framingham",5640,703,10610,797,NA,74000,76.9305019305019
"531",2021-01-14,"Natick",1256,249,5690,267,NA,36050,52.9027144838518
"532",2021-01-14,"Needham",1045,214,5793,229,NA,28100,58.2104728012201
"533",2021-01-14,"Sherborn",112,29,574,33,NA,4300,54.8172757475083
"534",2021-01-14,"Wayland",403,101,2798,121,NA,13900,62.1788283658787
"535",2021-01-14,"Wellesley",737,102,5300,112,NA,29400,27.2108843537415
"536",2021-01-14,"Weston",342,58,2691,61,NA,11300,38.558786346397
"537",2021-01-07,"Dover",129,23,719,25,NA,6300,28.3446712018141
"538",2021-01-07,"Framingham",5295,586,8961,682,NA,74000,65.8301158301158
"539",2021-01-07,"Natick",1109,176,4207,193,NA,36050,38.2405389340202
"540",2021-01-07,"Needham",926,153,4787,165,NA,28100,41.9420437214032
"541",2021-01-07,"Sherborn",96,21,429,24,NA,4300,39.8671096345515
"542",2021-01-07,"Wayland",370,100,2431,123,NA,13900,63.2065775950668
"543",2021-01-07,"Wellesley",684,81,3843,90,NA,29400,21.865889212828
"544",2021-01-07,"Weston",304,39,2042,46,NA,11300,29.0771175726928
"545",2020-12-31,"Dover",116,26,730,28,NA,6300,31.7460317460317
"546",2020-12-31,"Framingham",4998,597,9689,711,NA,74000,68.6293436293436
"547",2020-12-31,"Natick",1005,133,4894,144,NA,36050,28.5318010699425
"548",2020-12-31,"Needham",838,122,4975,138,NA,28100,35.0788002033554
"549",2020-12-31,"Sherborn",87,18,480,19,NA,4300,31.5614617940199
"550",2020-12-31,"Wayland",308,66,2229,77,NA,13900,39.568345323741
"551",2020-12-31,"Wellesley",639,78,5575,88,NA,29400,21.379980563654
"552",2020-12-31,"Weston",284,36,2214,44,NA,11300,27.8128950695322
"553",2020-12-24,"Dover",96,12,736,16,NA,6300,18.140589569161
"554",2020-12-24,"Framingham",4681,723,10990,869,NA,74000,83.8803088803089
"555",2020-12-24,"Natick",913,137,5323,154,NA,36050,30.5131761442441
"556",2020-12-24,"Needham",766,127,5441,145,NA,28100,36.8581596339603
"557",2020-12-24,"Sherborn",76,23,517,24,NA,4300,39.8671096345515
"558",2020-12-24,"Wayland",265,49,2066,58,NA,13900,29.8047276464543
"559",2020-12-24,"Wellesley",599,90,7842,99,NA,29400,24.0524781341108
"560",2020-12-24,"Weston",262,35,2246,42,NA,11300,26.5486725663717
"561",2020-12-17,"Dover",86,20,1002,24,NA,6300,27.2108843537415
"562",2020-12-17,"Framingham",4335,840,10963,954,NA,74000,92.0849420849421
"563",2020-12-17,"Natick",839,127,5536,148,NA,36050,29.3243510996632
"564",2020-12-17,"Needham",697,121,5530,137,NA,28100,34.8246059989832
"565",2020-12-17,"Sherborn",61,21,550,22,NA,4300,36.5448504983389
"566",2020-12-17,"Wayland",238,47,2120,54,NA,13900,27.7492291880781
"567",2020-12-17,"Wellesley",565,87,9268,97,NA,29400,23.5665694849368
"568",2020-12-17,"Weston",246,36,2512,40,NA,11300,25.2844500632111
"569",2020-12-10,"Dover",84,27,934,28,NA,6300,31.7460317460317
"570",2020-12-10,"Framingham",3928,661,9842,725,NA,74000,69.980694980695
"571",2020-12-10,"Natick",778,103,5008,118,NA,36050,23.3802258767585
"572",2020-12-10,"Needham",640,98,5075,109,NA,28100,27.7071682765633
"573",2020-12-10,"Sherborn",51,15,552,16,NA,4300,26.578073089701
"574",2020-12-10,"Wayland",212,39,1999,46,NA,13900,23.6382322713258
"575",2020-12-10,"Wellesley",508,82,9240,91,NA,29400,22.108843537415
"576",2020-12-10,"Weston",227,29,2356,38,NA,11300,24.0202275600506
"577",2020-12-03,"Dover",68,20,727,20,NA,6300,22.6757369614512
"578",2020-12-03,"Framingham",3488,419,9342,471,NA,74000,45.4633204633205
"579",2020-12-03,"Natick",715,96,4926,104,NA,36050,20.6063007727363
"580",2020-12-03,"Needham",571,83,4983,91,NA,28100,23.1316725978648
"581",2020-12-03,"Sherborn",40,9,528,10,NA,4300,16.6112956810631
"582",2020-12-03,"Wayland",183,17,1979,23,NA,13900,11.8191161356629
"583",2020-12-03,"Wellesley",469,81,10239,90,NA,29400,21.865889212828
"584",2020-12-03,"Weston",210,26,2123,33,NA,11300,20.8596713021492
"585",2020-11-27,"Dover",58,16,722,16,NA,6300,18.140589569161
"586",2020-11-27,"Framingham",3221,388,9589,448,NA,74000,43.2432432432432
"587",2020-11-27,"Natick",659,64,4946,71,NA,36050,14.0677630275411
"588",2020-11-27,"Needham",532,63,4885,71,NA,28100,18.047788510422
"589",2020-11-27,"Sherborn",35,6,464,6,NA,4300,9.96677740863787
"590",2020-11-27,"Wayland",173,21,1894,25,NA,13900,12.846865364851
"591",2020-11-27,"Wellesley",424,81,11591,90,NA,29400,21.865889212828
"592",2020-11-27,"Weston",195,24,1929,28,NA,11300,17.6991150442478
"593",2020-11-19,"Dover",48,7,616,8,NA,6300,9.0702947845805
"594",2020-11-19,"Framingham",3054,356,9328,407,NA,74000,39.2857142857143
"595",2020-11-19,"Natick",615,47,4294,60,NA,36050,11.8882504458094
"596",2020-11-19,"Needham",482,31,4238,37,NA,28100,9.40518556176919
"597",2020-11-19,"Sherborn",32,NA,419,3,NA,4300,4.98338870431894
"598",2020-11-19,"Wayland",163,17,1736,24,NA,13900,12.3329907502569
"599",2020-11-19,"Wellesley",387,57,10772,62,NA,29400,15.0631681243926
"600",2020-11-19,"Weston",183,26,1623,28,NA,11300,17.6991150442478
"601",2020-11-12,"Dover",42,5,650,6,NA,6300,6.80272108843537
"602",2020-11-12,"Framingham",2832,241,8476,275,NA,74000,26.5444015444015
"603",2020-11-12,"Natick",587,37,3968,45,NA,36050,8.91618783435704
"604",2020-11-12,"Needham",465,37,4162,43,NA,28100,10.930350788002
"605",2020-11-12,"Sherborn",28,NA,397,1,NA,4300,1.66112956810631
"606",2020-11-12,"Wayland",152,17,1596,22,NA,13900,11.3052415210689
"607",2020-11-12,"Wellesley",337,22,10356,24,NA,29400,5.83090379008746
"608",2020-11-12,"Weston",170,15,1614,18,NA,11300,11.378002528445
"609",2020-11-05,"Dover",38,8,649,8,NA,6300,9.0702947845805
"610",2020-11-05,"Framingham",2671,162,7988,193,NA,74000,18.6293436293436
"611",2020-11-05,"Natick",564,25,3607,29,NA,36050,5.74598771547454
"612",2020-11-05,"Needham",445,29,3951,34,NA,28100,8.64260294865277
"613",2020-11-05,"Sherborn",27,0,337,3,NA,4300,4.98338870431894
"614",2020-11-05,"Wayland",146,16,1378,16,NA,13900,8.22199383350462
"615",2020-11-05,"Wellesley",326,24,10401,27,NA,29400,6.5597667638484
"616",2020-11-05,"Weston",155,7,1640,11,NA,11300,6.95322376738306
"617",2020-10-29,"Dover",35,7,569,7,NA,6300,7.93650793650794
"618",2020-10-29,"Framingham",2586,121,7223,157,NA,74000,15.1544401544402
"619",2020-10-29,"Natick",545,27,3355,31,NA,36050,6.14226273033485
"620",2020-10-29,"Needham",429,10,3574,13,NA,28100,3.30452465683782
"621",2020-10-29,"Sherborn",28,NA,353,6,NA,4300,9.96677740863787
"622",2020-10-29,"Wayland",135,11,1245,11,NA,13900,5.65262076053443
"623",2020-10-29,"Wellesley",314,14,9959,17,NA,29400,4.13022351797862
"624",2020-10-29,"Weston",150,10,1619,13,NA,11300,8.21744627054361
"625",2020-10-22,"Dover",30,NA,564,3,NA,6300,3.40136054421769
"626",2020-10-22,"Framingham",2498,159,7214,195,NA,74000,18.8223938223938
"627",2020-10-22,"Natick",531,30,3533,34,NA,36050,6.73667525262532
"628",2020-10-22,"Needham",417,9,3786,12,NA,28100,3.05033045246568
"629",2020-10-22,"Sherborn",27,NA,377,2,NA,4300,3.32225913621262
"630",2020-10-22,"Wayland",127,NA,1252,3,NA,13900,1.54162384378212
"631",2020-10-22,"Wellesley",303,7,10056,9,NA,29400,2.1865889212828
"632",2020-10-22,"Weston",145,7,1589,9,NA,11300,5.6890012642225
"633",2020-10-14,"Dover",27,NA,564,2,NA,6300,2.26757369614512
"634",2020-10-14,"Framingham",2435,186,7027,222,NA,74000,21.4285714285714
"635",2020-10-14,"Natick",509,21,3582,25,NA,36050,4.95343768575391
"636",2020-10-14,"Needham",415,18,3807,21,NA,28100,5.33807829181495
"637",2020-10-14,"Sherborn",25,0,335,0,NA,4300,0
"638",2020-10-14,"Wayland",124,NA,1256,2,NA,13900,1.02774922918808
"639",2020-10-14,"Wellesley",299,11,12542,12,NA,29400,2.91545189504373
"640",2020-10-14,"Weston",140,NA,1430,4,NA,11300,2.52844500632111
"641",2020-10-07,"Dover",27,NA,534,5,NA,6300,5.66893424036281
"642",2020-10-07,"Framingham",2338,133,6471,163,NA,74000,15.7335907335907
"643",2020-10-07,"Natick",499,18,3175,20,NA,36050,3.96275014860313
"644",2020-10-07,"Needham",411,21,3483,22,NA,28100,5.59227249618709
"645",2020-10-07,"Sherborn",25,NA,314,2,NA,4300,3.32225913621262
"646",2020-10-07,"Wayland",124,NA,1171,4,NA,13900,2.05549845837616
"647",2020-10-07,"Wellesley",296,10,13048,11,NA,29400,2.67249757045675
"648",2020-10-07,"Weston",139,NA,1243,4,NA,11300,2.52844500632111
"649",2020-09-30,"Dover",24,NA,513,2,"Case count last 14 days less than 5",6300,2.26757369614512
"650",2020-09-30,"Framingham",2255,116,5511,137,NA,74000,13.2239382239382
"651",2020-09-30,"Natick",486,15,2967,20,NA,36050,3.96275014860313
"652",2020-09-30,"Needham",398,20,3272,20,NA,28100,5.08388408744281
"653",2020-09-30,"Sherborn",25,NA,320,2,"Case count last 14 days less than 5",4300,3.32225913621262
"654",2020-09-30,"Wayland",123,6,1105,8,NA,13900,4.11099691675231
"655",2020-09-30,"Wellesley",286,9,9691,9,NA,29400,2.1865889212828
"656",2020-09-30,"Weston",138,9,1188,10,NA,11300,6.32111251580278
"657",2020-09-23,"Weston",133,7,1064,9,NA,11300,5.6890012642225
"658",2020-09-23,"Wellesley",285,10,8873,10,NA,29400,2.42954324586978
"659",2020-09-23,"Wayland",121,4,947,4,"Case count last 14 days less than 5",13900,2.05549845837616
"660",2020-09-23,"Sherborn",22,1,251,1,"Case count last 14 days less than 5",4300,1.66112956810631
"661",2020-09-23,"Natick",482,17,2454,20,NA,36050,3.96275014860313
"662",2020-09-23,"Needham",390,11,2840,11,NA,28100,2.79613624809354
"663",2020-09-23,"Framingham",2203,130,4426,147,NA,74000,14.1891891891892
"664",2020-09-23,"Dover",23,1,450,1,"Case count last 14 days less than 5",6300,1.13378684807256
"665",2020-09-16,"Weston",128,3,992,3,"Case count last 14 days less than 5",11300,1.89633375474083
"666",2020-09-09,"Weston",127,6,987,8,NA,11300,5.05689001264222
"667",2020-09-02,"Weston",125,4,839,6,"Case count last 14 days less than 5",11300,3.79266750948167
"668",2020-08-26,"Weston",122,4,726,4,"Case count last 14 days less than 5",11300,2.52844500632111
"669",2020-08-19,"Weston",121,4,640,4,"Case count last 14 days less than 5",11300,2.52844500632111
"670",2020-08-12,"Weston",120,3,547,3,"Case count last 14 days less than 5",11300,1.89633375474083
"671",2020-08-05,"Weston",118,3,417,3,"Case count last 14 days less than 5",11300,1.89633375474083
"672",2020-07-29,"Weston",115,3,394,3,"Case count last 14 days less than 5",11300,1.89633375474083
"673",2020-07-22,"Weston",115,2,334,2,"Case count last 14 days less than 5",11300,1.26422250316056
"674",2020-09-16,"Wellesley",278,6,8472,6,NA,29400,1.45772594752187
"675",2020-09-16,"Wayland",118,2,875,2,"Case count last 14 days less than 5",13900,1.02774922918808
"676",2020-09-16,"Sherborn",22,2,218,2,"Case count last 14 days less than 5",4300,3.32225913621262
"677",2020-09-16,"Natick",473,11,2184,12,NA,36050,2.37765008916188
"678",2020-09-16,"Needham",380,5,2637,5,NA,28100,1.2709710218607
"679",2020-09-16,"Framingham",2146,119,4519,130,NA,74000,12.5482625482625
"680",2020-09-16,"Dover",24,0,377,0,NA,6300,0
"681",2020-09-09,"Wellesley",274,7,9017,8,NA,29400,1.94363459669582
"682",2020-09-09,"Wayland",116,1,811,1,"Case count last 14 days less than 5",13900,0.513874614594039
"683",2020-09-09,"Sherborn",20,0,233,0,NA,4300,0
"684",2020-09-09,"Natick",464,8,2016,10,NA,36050,1.98137507430157
"685",2020-09-09,"Needham",379,7,2321,8,NA,28100,2.03355363497712
"686",2020-09-09,"Framingham",2064,105,3657,116,NA,74000,11.1969111969112
"687",2020-09-09,"Dover",23,1,354,1,"Case count last 14 days less than 5",6300,1.13378684807256
"688",2020-09-02,"Wellesley",271,9,6792,9,NA,29400,2.1865889212828
"689",2020-09-02,"Wayland",116,0,803,0,NA,13900,0
"690",2020-09-02,"Sherborn",20,1,217,1,"Case count last 14 days less than 5",4300,1.66112956810631
"691",2020-09-02,"Natick",460,9,2169,10,NA,36050,1.98137507430157
"692",2020-09-02,"Needham",374,NA,2080,7,"Case count last 14 days less than 5",28100,1.77935943060498
"693",2020-09-02,"Framingham",2024,114,3523,122,NA,74000,11.7760617760618
"694",2020-09-02,"Dover",22,0,337,0,NA,6300,0
"695",2020-08-26,"Wellesley",268,8,2830,8,NA,29400,1.94363459669582
"696",2020-08-26,"Wayland",115,1,766,1,"Case count last 14 days less than 5",13900,0.513874614594039
"697",2020-08-26,"Sherborn",20,2,204,2,"Case count last 14 days less than 5",4300,3.32225913621262
"698",2020-08-26,"Natick",453,9,2030,9,NA,36050,1.78323756687141
"699",2020-08-26,"Needham",373,5,1807,8,NA,28100,2.03355363497712
"700",2020-08-26,"Framingham",1960,91,3594,100,NA,74000,9.65250965250965
"701",2020-08-26,"Dover",23,1,301,1,"Case count last 14 days less than 5",6300,1.13378684807256
"702",2020-08-19,"Wellesley",262,5,1240,5,NA,29400,1.21477162293489
"703",2020-08-19,"Wayland",115,3,667,3,"Case count last 14 days less than 5",13900,1.54162384378212
"704",2020-08-19,"Sherborn",19,1,188,1,"Case count last 14 days less than 5",4300,1.66112956810631
"705",2020-08-19,"Natick",450,9,1590,10,NA,36050,1.98137507430157
"706",2020-08-19,"Needham",370,7,1493,10,NA,28100,2.5419420437214
"707",2020-08-19,"Framingham",1897,62,3418,67,NA,74000,6.46718146718147
"708",2020-08-19,"Dover",22,0,267,0,NA,6300,0
"709",2020-08-12,"Wellesley",259,7,1096,8,NA,29400,1.94363459669582
"710",2020-08-12,"Wayland",113,0,536,3,NA,13900,1.54162384378212
"711",2020-08-12,"Sherborn",18,1,175,1,"Case count last 14 days less than 5",4300,1.66112956810631
"712",2020-08-12,"Natick",445,8,1314,10,NA,36050,1.98137507430157
"713",2020-08-12,"Needham",370,14,1382,18,NA,28100,4.57549567869853
"714",2020-08-12,"Framingham",1857,58,2996,67,NA,74000,6.46718146718147
"715",2020-08-12,"Dover",22,0,276,0,NA,6300,0
"716",2020-08-05,"Wellesley",256,6,931,7,NA,29400,1.70068027210884
"717",2020-08-05,"Wayland",113,4,376,4,"Case count last 14 days less than 5",13900,2.05549845837616
"718",2020-08-05,"Sherborn",18,1,152,1,"Case count last 14 days less than 5",4300,1.66112956810631
"719",2020-08-05,"Natick",441,7,997,8,NA,36050,1.58510005944125
"720",2020-08-05,"Needham",369,16,1102,21,NA,28100,5.33807829181495
"721",2020-08-05,"Framingham",1827,42,2012,56,NA,74000,5.40540540540541
"722",2020-08-05,"Dover",22,0,198,0,NA,6300,0
"723",2020-07-29,"Wellesley",252,11,663,12,NA,29400,2.91545189504373
"724",2020-07-29,"Wayland",114,5,309,5,NA,13900,2.5693730729702
"725",2020-07-29,"Sherborn",18,3,104,3,"Case count last 14 days less than 5",4300,4.98338870431894
"726",2020-07-29,"Natick",438,10,791,13,NA,36050,2.57578759659203
"727",2020-07-29,"Needham",352,15,821,21,NA,28100,5.33807829181495
"728",2020-07-29,"Framingham",1802,36,1520,47,NA,74000,4.53667953667954
"729",2020-07-29,"Dover",22,2,127,2,"Case count last 14 days less than 5",6300,2.26757369614512
"730",2020-07-22,"Wellesley",245,6,788,8,NA,29400,1.94363459669582
"731",2020-07-22,"Wayland",113,4,355,4,"Case count last 14 days less than 5",13900,2.05549845837616
"732",2020-07-22,"Sherborn",15,0,90,0,NA,4300,0
"733",2020-07-22,"Natick",432,12,703,15,NA,36050,2.97206261145235
"734",2020-07-22,"Needham",341,9,844,10,NA,28100,2.5419420437214
"735",2020-07-22,"Framingham",1775,24,1308,36,NA,74000,3.47490347490348
"736",2020-07-22,"Dover",21,3,132,3,NA,6300,3.40136054421769
"737",2020-07-15,"Wellesley",239,5,544,6,NA,29400,1.45772594752187
"738",2020-07-15,"Wayland",109,2,331,2,"Case count last 14 days less than 5",13900,1.02774922918808
"739",2020-07-15,"Sherborn",15,0,79,0,NA,4300,0
"740",2020-07-15,"Natick",421,4,711,6,"Case count last 14 days less than 5",36050,1.18882504458094
"741",2020-07-15,"Needham",334,6,635,8,NA,28100,2.03355363497712
"742",2020-07-15,"Framingham",1756,14,1074,20,NA,74000,1.93050193050193
"743",2020-07-15,"Dover",18,0,108,0,NA,6300,0
